production_order_id,production_date,finished_product,material_id,quantity_consumed
PRD-001,2025-01-15,Anti-Rust Coating,MAT002,240
PRD-001,2025-01-15,Anti-Rust Coating,MAT008,300
PRD-001,2025-01-15,Anti-Rust Coating,MAT011,150
PRD-001,2025-01-15,Anti-Rust Coating,MAT018,150
PRD-002,2025-01-15,Automotive Red Paint,MAT002,210
PRD-002,2025-01-15,Automotive Red Paint,MAT007,240
PRD-002,2025-01-15,Automotive Red Paint,MAT011,135
PRD-002,2025-01-15,Automotive Red Paint,MAT016,270
PRD-003,2025-01-15,Clear Varnish,MAT006,450
PRD-003,2025-01-15,Clear Varnish,MAT013,300
PRD-003,2025-01-15,Clear Varnish,MAT015,150
PRD-003,2025-01-15,Clear Varnish,MAT016,400
PRD-004,2025-01-15,Industrial Grey Primer,MAT003,240
PRD-004,2025-01-15,Industrial Grey Primer,MAT006,320
PRD-004,2025-01-15,Industrial Grey Primer,MAT011,200
PRD-004,2025-01-15,Industrial Grey Primer,MAT017,320
PRD-005,2025-01-15,Marine Blue Coating,MAT004,240
PRD-005,2025-01-15,Marine Blue Coating,MAT008,400
PRD-005,2025-01-15,Marine Blue Coating,MAT011,220
PRD-005,2025-01-15,Marine Blue Coating,MAT018,220
PRD-006,2025-01-15,Wood Stain Brown,MAT002,150
PRD-006,2025-01-15,Wood Stain Brown,MAT007,210
PRD-006,2025-01-15,Wood Stain Brown,MAT012,120
PRD-006,2025-01-15,Wood Stain Brown,MAT016,270
PRD-007,2025-02-07,Anti-Rust Coating,MAT002,400
PRD-007,2025-02-07,Anti-Rust Coating,MAT008,500
PRD-007,2025-02-07,Anti-Rust Coating,MAT011,250
PRD-007,2025-02-07,Anti-Rust Coating,MAT018,250
PRD-008,2025-02-07,Clear Varnish,MAT006,180
PRD-008,2025-02-07,Clear Varnish,MAT013,120
PRD-008,2025-02-07,Clear Varnish,MAT015,60
PRD-008,2025-02-07,Clear Varnish,MAT016,160
PRD-009,2025-02-07,Epoxy Floor Coating,MAT008,360
PRD-009,2025-02-07,Epoxy Floor Coating,MAT003,120
PRD-009,2025-02-07,Epoxy Floor Coating,MAT011,180
PRD-009,2025-02-07,Epoxy Floor Coating,MAT018,180
PRD-010,2025-02-07,Industrial Grey Primer,MAT003,120
PRD-010,2025-02-07,Industrial Grey Primer,MAT006,160
PRD-010,2025-02-07,Industrial Grey Primer,MAT011,100
PRD-010,2025-02-07,Industrial Grey Primer,MAT017,160
PRD-011,2025-02-07,Marine Blue Coating,MAT004,300
PRD-011,2025-02-07,Marine Blue Coating,MAT008,500
PRD-011,2025-02-07,Marine Blue Coating,MAT011,275
PRD-011,2025-02-07,Marine Blue Coating,MAT018,275
PRD-012,2025-02-07,Premium White Paint 1L,MAT001,240
PRD-012,2025-02-07,Premium White Paint 1L,MAT006,180
PRD-012,2025-02-07,Premium White Paint 1L,MAT013,120
PRD-012,2025-02-07,Premium White Paint 1L,MAT016,300
PRD-013,2025-02-07,Premium White Paint 4L,MAT001,800
PRD-013,2025-02-07,Premium White Paint 4L,MAT006,600
PRD-013,2025-02-07,Premium White Paint 4L,MAT013,400
PRD-013,2025-02-07,Premium White Paint 4L,MAT017,400
PRD-014,2025-03-09,Anti-Rust Coating,MAT002,160
PRD-014,2025-03-09,Anti-Rust Coating,MAT008,200
PRD-014,2025-03-09,Anti-Rust Coating,MAT011,100
PRD-014,2025-03-09,Anti-Rust Coating,MAT018,100
PRD-015,2025-03-09,Clear Varnish,MAT006,360
PRD-015,2025-03-09,Clear Varnish,MAT013,240
PRD-015,2025-03-09,Clear Varnish,MAT015,120
PRD-015,2025-03-09,Clear Varnish,MAT016,320
PRD-016,2025-03-09,Epoxy Floor Coating,MAT008,360
PRD-016,2025-03-09,Epoxy Floor Coating,MAT003,120
PRD-016,2025-03-09,Epoxy Floor Coating,MAT011,180
PRD-016,2025-03-09,Epoxy Floor Coating,MAT018,180
PRD-017,2025-03-09,Industrial Grey Primer,MAT003,300
PRD-017,2025-03-09,Industrial Grey Primer,MAT006,400
PRD-017,2025-03-09,Industrial Grey Primer,MAT011,250
PRD-017,2025-03-09,Industrial Grey Primer,MAT017,400
PRD-018,2025-03-09,Premium White Paint 4L,MAT001,400
PRD-018,2025-03-09,Premium White Paint 4L,MAT006,300
PRD-018,2025-03-09,Premium White Paint 4L,MAT013,200
PRD-018,2025-03-09,Premium White Paint 4L,MAT017,200
PRD-019,2025-03-09,Protective Roof Paint,MAT001,750
PRD-019,2025-03-09,Protective Roof Paint,MAT007,500
PRD-019,2025-03-09,Protective Roof Paint,MAT013,400
PRD-019,2025-03-09,Protective Roof Paint,MAT020,500
PRD-020,2025-03-09,Wood Stain Brown,MAT002,100
PRD-020,2025-03-09,Wood Stain Brown,MAT007,140
PRD-020,2025-03-09,Wood Stain Brown,MAT012,80
PRD-020,2025-03-09,Wood Stain Brown,MAT016,180
PRD-021,2025-04-16,Anti-Rust Coating,MAT002,320
PRD-021,2025-04-16,Anti-Rust Coating,MAT008,400
PRD-021,2025-04-16,Anti-Rust Coating,MAT011,200
PRD-021,2025-04-16,Anti-Rust Coating,MAT018,200
PRD-022,2025-04-16,Clear Varnish,MAT006,270
PRD-022,2025-04-16,Clear Varnish,MAT013,180
PRD-022,2025-04-16,Clear Varnish,MAT015,90
PRD-022,2025-04-16,Clear Varnish,MAT016,240
PRD-023,2025-04-16,Epoxy Floor Coating,MAT008,360
PRD-023,2025-04-16,Epoxy Floor Coating,MAT003,120
PRD-023,2025-04-16,Epoxy Floor Coating,MAT011,180
PRD-023,2025-04-16,Epoxy Floor Coating,MAT018,180
PRD-024,2025-04-16,Industrial Grey Primer,MAT003,300
PRD-024,2025-04-16,Industrial Grey Primer,MAT006,400
PRD-024,2025-04-16,Industrial Grey Primer,MAT011,250
PRD-024,2025-04-16,Industrial Grey Primer,MAT017,400
PRD-025,2025-04-16,Marine Blue Coating,MAT004,240
PRD-025,2025-04-16,Marine Blue Coating,MAT008,400
PRD-025,2025-04-16,Marine Blue Coating,MAT011,220
PRD-025,2025-04-16,Marine Blue Coating,MAT018,220
PRD-026,2025-04-16,Premium White Paint 1L,MAT001,240
PRD-026,2025-04-16,Premium White Paint 1L,MAT006,180
PRD-026,2025-04-16,Premium White Paint 1L,MAT013,120
PRD-026,2025-04-16,Premium White Paint 1L,MAT016,300
PRD-027,2025-04-16,Protective Roof Paint,MAT001,750
PRD-027,2025-04-16,Protective Roof Paint,MAT007,500
PRD-027,2025-04-16,Protective Roof Paint,MAT013,400
PRD-027,2025-04-16,Protective Roof Paint,MAT020,500
PRD-028,2025-04-16,Wood Stain Brown,MAT002,150
PRD-028,2025-04-16,Wood Stain Brown,MAT007,210
PRD-028,2025-04-16,Wood Stain Brown,MAT012,120
PRD-028,2025-04-16,Wood Stain Brown,MAT016,270
PRD-029,2025-05-21,Anti-Rust Coating,MAT002,240
PRD-029,2025-05-21,Anti-Rust Coating,MAT008,300
PRD-029,2025-05-21,Anti-Rust Coating,MAT011,150
PRD-029,2025-05-21,Anti-Rust Coating,MAT018,150
PRD-030,2025-05-21,Automotive Red Paint,MAT002,280
PRD-030,2025-05-21,Automotive Red Paint,MAT007,320
PRD-030,2025-05-21,Automotive Red Paint,MAT011,180
PRD-030,2025-05-21,Automotive Red Paint,MAT016,360
PRD-031,2025-05-21,Clear Varnish,MAT006,270
PRD-031,2025-05-21,Clear Varnish,MAT013,180
PRD-031,2025-05-21,Clear Varnish,MAT015,90
PRD-031,2025-05-21,Clear Varnish,MAT016,240
PRD-032,2025-05-21,Premium White Paint 1L,MAT001,400
PRD-032,2025-05-21,Premium White Paint 1L,MAT006,300
PRD-032,2025-05-21,Premium White Paint 1L,MAT013,200
PRD-032,2025-05-21,Premium White Paint 1L,MAT016,500
PRD-033,2025-05-21,Premium White Paint 4L,MAT001,600
PRD-033,2025-05-21,Premium White Paint 4L,MAT006,450
PRD-033,2025-05-21,Premium White Paint 4L,MAT013,300
PRD-033,2025-05-21,Premium White Paint 4L,MAT017,300
PRD-034,2025-05-21,Wood Stain Brown,MAT002,100
PRD-034,2025-05-21,Wood Stain Brown,MAT007,140
PRD-034,2025-05-21,Wood Stain Brown,MAT012,80
PRD-034,2025-05-21,Wood Stain Brown,MAT016,180
PRD-035,2025-06-18,Clear Varnish,MAT006,360
PRD-035,2025-06-18,Clear Varnish,MAT013,240
PRD-035,2025-06-18,Clear Varnish,MAT015,120
PRD-035,2025-06-18,Clear Varnish,MAT016,320
PRD-036,2025-06-18,Industrial Grey Primer,MAT003,120
PRD-036,2025-06-18,Industrial Grey Primer,MAT006,160
PRD-036,2025-06-18,Industrial Grey Primer,MAT011,100
PRD-036,2025-06-18,Industrial Grey Primer,MAT017,160
PRD-037,2025-06-18,Marine Blue Coating,MAT004,240
PRD-037,2025-06-18,Marine Blue Coating,MAT008,400
PRD-037,2025-06-18,Marine Blue Coating,MAT011,220
PRD-037,2025-06-18,Marine Blue Coating,MAT018,220
PRD-038,2025-06-18,Premium White Paint 1L,MAT001,400
PRD-038,2025-06-18,Premium White Paint 1L,MAT006,300
PRD-038,2025-06-18,Premium White Paint 1L,MAT013,200
PRD-038,2025-06-18,Premium White Paint 1L,MAT016,500
PRD-039,2025-06-18,Protective Roof Paint,MAT001,750
PRD-039,2025-06-18,Protective Roof Paint,MAT007,500
PRD-039,2025-06-18,Protective Roof Paint,MAT013,400
PRD-039,2025-06-18,Protective Roof Paint,MAT020,500
PRD-040,2025-06-18,Wood Stain Brown,MAT002,200
PRD-040,2025-06-18,Wood Stain Brown,MAT007,280
PRD-040,2025-06-18,Wood Stain Brown,MAT012,160
PRD-040,2025-06-18,Wood Stain Brown,MAT016,360
PRD-041,2025-07-18,Anti-Rust Coating,MAT002,400
PRD-041,2025-07-18,Anti-Rust Coating,MAT008,500
PRD-041,2025-07-18,Anti-Rust Coating,MAT011,250
PRD-041,2025-07-18,Anti-Rust Coating,MAT018,250
PRD-042,2025-07-18,Clear Varnish,MAT006,360
PRD-042,2025-07-18,Clear Varnish,MAT013,240
PRD-042,2025-07-18,Clear Varnish,MAT015,120
PRD-042,2025-07-18,Clear Varnish,MAT016,320
PRD-043,2025-07-18,Epoxy Floor Coating,MAT008,480
PRD-043,2025-07-18,Epoxy Floor Coating,MAT003,160
PRD-043,2025-07-18,Epoxy Floor Coating,MAT011,240
PRD-043,2025-07-18,Epoxy Floor Coating,MAT018,240
PRD-044,2025-07-18,Industrial Grey Primer,MAT003,240
PRD-044,2025-07-18,Industrial Grey Primer,MAT006,320
PRD-044,2025-07-18,Industrial Grey Primer,MAT011,200
PRD-044,2025-07-18,Industrial Grey Primer,MAT017,320
PRD-045,2025-07-18,Marine Blue Coating,MAT004,300
PRD-045,2025-07-18,Marine Blue Coating,MAT008,500
PRD-045,2025-07-18,Marine Blue Coating,MAT011,275
PRD-045,2025-07-18,Marine Blue Coating,MAT018,275
PRD-046,2025-07-18,Premium White Paint 1L,MAT001,160
PRD-046,2025-07-18,Premium White Paint 1L,MAT006,120
PRD-046,2025-07-18,Premium White Paint 1L,MAT013,80
PRD-046,2025-07-18,Premium White Paint 1L,MAT016,200
PRD-047,2025-07-18,Premium White Paint 4L,MAT001,400
PRD-047,2025-07-18,Premium White Paint 4L,MAT006,300
PRD-047,2025-07-18,Premium White Paint 4L,MAT013,200
PRD-047,2025-07-18,Premium White Paint 4L,MAT017,200
PRD-048,2025-07-18,Protective Roof Paint,MAT001,300
PRD-048,2025-07-18,Protective Roof Paint,MAT007,200
PRD-048,2025-07-18,Protective Roof Paint,MAT013,160
PRD-048,2025-07-18,Protective Roof Paint,MAT020,200
PRD-049,2025-07-18,Wood Stain Brown,MAT002,200
PRD-049,2025-07-18,Wood Stain Brown,MAT007,280
PRD-049,2025-07-18,Wood Stain Brown,MAT012,160
PRD-049,2025-07-18,Wood Stain Brown,MAT016,360
PRD-050,2025-08-06,Automotive Red Paint,MAT002,350
PRD-050,2025-08-06,Automotive Red Paint,MAT007,400
PRD-050,2025-08-06,Automotive Red Paint,MAT011,225
PRD-050,2025-08-06,Automotive Red Paint,MAT016,450
PRD-051,2025-08-06,Clear Varnish,MAT006,360
PRD-051,2025-08-06,Clear Varnish,MAT013,240
PRD-051,2025-08-06,Clear Varnish,MAT015,120
PRD-051,2025-08-06,Clear Varnish,MAT016,320
PRD-052,2025-08-06,Epoxy Floor Coating,MAT008,240
PRD-052,2025-08-06,Epoxy Floor Coating,MAT003,80
PRD-052,2025-08-06,Epoxy Floor Coating,MAT011,120
PRD-052,2025-08-06,Epoxy Floor Coating,MAT018,120
PRD-053,2025-08-06,Industrial Grey Primer,MAT003,300
PRD-053,2025-08-06,Industrial Grey Primer,MAT006,400
PRD-053,2025-08-06,Industrial Grey Primer,MAT011,250
PRD-053,2025-08-06,Industrial Grey Primer,MAT017,400
PRD-054,2025-08-06,Marine Blue Coating,MAT004,300
PRD-054,2025-08-06,Marine Blue Coating,MAT008,500
PRD-054,2025-08-06,Marine Blue Coating,MAT011,275
PRD-054,2025-08-06,Marine Blue Coating,MAT018,275
PRD-055,2025-08-06,Premium White Paint 1L,MAT001,240
PRD-055,2025-08-06,Premium White Paint 1L,MAT006,180
PRD-055,2025-08-06,Premium White Paint 1L,MAT013,120
PRD-055,2025-08-06,Premium White Paint 1L,MAT016,300
PRD-056,2025-08-06,Premium White Paint 4L,MAT001,1000
PRD-056,2025-08-06,Premium White Paint 4L,MAT006,750
PRD-056,2025-08-06,Premium White Paint 4L,MAT013,500
PRD-056,2025-08-06,Premium White Paint 4L,MAT017,500
PRD-057,2025-08-06,Protective Roof Paint,MAT001,300
PRD-057,2025-08-06,Protective Roof Paint,MAT007,200
PRD-057,2025-08-06,Protective Roof Paint,MAT013,160
PRD-057,2025-08-06,Protective Roof Paint,MAT020,200
PRD-058,2025-08-06,Wood Stain Brown,MAT002,150
PRD-058,2025-08-06,Wood Stain Brown,MAT007,210
PRD-058,2025-08-06,Wood Stain Brown,MAT012,120
PRD-058,2025-08-06,Wood Stain Brown,MAT016,270
PRD-059,2025-09-25,Automotive Red Paint,MAT002,140
PRD-059,2025-09-25,Automotive Red Paint,MAT007,160
PRD-059,2025-09-25,Automotive Red Paint,MAT011,90
PRD-059,2025-09-25,Automotive Red Paint,MAT016,180
PRD-060,2025-09-25,Epoxy Floor Coating,MAT008,360
PRD-060,2025-09-25,Epoxy Floor Coating,MAT003,120
PRD-060,2025-09-25,Epoxy Floor Coating,MAT011,180
PRD-060,2025-09-25,Epoxy Floor Coating,MAT018,180
PRD-061,2025-09-25,Industrial Grey Primer,MAT003,240
PRD-061,2025-09-25,Industrial Grey Primer,MAT006,320
PRD-061,2025-09-25,Industrial Grey Primer,MAT011,200
PRD-061,2025-09-25,Industrial Grey Primer,MAT017,320
PRD-062,2025-09-25,Marine Blue Coating,MAT004,240
PRD-062,2025-09-25,Marine Blue Coating,MAT008,400
PRD-062,2025-09-25,Marine Blue Coating,MAT011,220
PRD-062,2025-09-25,Marine Blue Coating,MAT018,220
PRD-063,2025-09-25,Premium White Paint 1L,MAT001,160
PRD-063,2025-09-25,Premium White Paint 1L,MAT006,120
PRD-063,2025-09-25,Premium White Paint 1L,MAT013,80
PRD-063,2025-09-25,Premium White Paint 1L,MAT016,200
PRD-064,2025-09-25,Premium White Paint 4L,MAT001,400
PRD-064,2025-09-25,Premium White Paint 4L,MAT006,300
PRD-064,2025-09-25,Premium White Paint 4L,MAT013,200
PRD-064,2025-09-25,Premium White Paint 4L,MAT017,200
PRD-065,2025-09-25,Protective Roof Paint,MAT001,750
PRD-065,2025-09-25,Protective Roof Paint,MAT007,500
PRD-065,2025-09-25,Protective Roof Paint,MAT013,400
PRD-065,2025-09-25,Protective Roof Paint,MAT020,500
PRD-066,2025-09-25,Wood Stain Brown,MAT002,200
PRD-066,2025-09-25,Wood Stain Brown,MAT007,280
PRD-066,2025-09-25,Wood Stain Brown,MAT012,160
PRD-066,2025-09-25,Wood Stain Brown,MAT016,360
PRD-067,2025-10-19,Anti-Rust Coating,MAT002,400
PRD-067,2025-10-19,Anti-Rust Coating,MAT008,500
PRD-067,2025-10-19,Anti-Rust Coating,MAT011,250
PRD-067,2025-10-19,Anti-Rust Coating,MAT018,250
PRD-068,2025-10-19,Clear Varnish,MAT006,360
PRD-068,2025-10-19,Clear Varnish,MAT013,240
PRD-068,2025-10-19,Clear Varnish,MAT015,120
PRD-068,2025-10-19,Clear Varnish,MAT016,320
PRD-069,2025-10-19,Epoxy Floor Coating,MAT008,480
PRD-069,2025-10-19,Epoxy Floor Coating,MAT003,160
PRD-069,2025-10-19,Epoxy Floor Coating,MAT011,240
PRD-069,2025-10-19,Epoxy Floor Coating,MAT018,240
PRD-070,2025-10-19,Industrial Grey Primer,MAT003,300
PRD-070,2025-10-19,Industrial Grey Primer,MAT006,400
PRD-070,2025-10-19,Industrial Grey Primer,MAT011,250
PRD-070,2025-10-19,Industrial Grey Primer,MAT017,400
PRD-071,2025-10-19,Marine Blue Coating,MAT004,180
PRD-071,2025-10-19,Marine Blue Coating,MAT008,300
PRD-071,2025-10-19,Marine Blue Coating,MAT011,165
PRD-071,2025-10-19,Marine Blue Coating,MAT018,165
PRD-072,2025-10-19,Premium White Paint 1L,MAT001,160
PRD-072,2025-10-19,Premium White Paint 1L,MAT006,120
PRD-072,2025-10-19,Premium White Paint 1L,MAT013,80
PRD-072,2025-10-19,Premium White Paint 1L,MAT016,200
PRD-073,2025-10-19,Premium White Paint 4L,MAT001,1000
PRD-073,2025-10-19,Premium White Paint 4L,MAT006,750
PRD-073,2025-10-19,Premium White Paint 4L,MAT013,500
PRD-073,2025-10-19,Premium White Paint 4L,MAT017,500
PRD-074,2025-10-19,Wood Stain Brown,MAT002,100
PRD-074,2025-10-19,Wood Stain Brown,MAT007,140
PRD-074,2025-10-19,Wood Stain Brown,MAT012,80
PRD-074,2025-10-19,Wood Stain Brown,MAT016,180
PRD-075,2025-11-12,Anti-Rust Coating,MAT002,160
PRD-075,2025-11-12,Anti-Rust Coating,MAT008,200
PRD-075,2025-11-12,Anti-Rust Coating,MAT011,100
PRD-075,2025-11-12,Anti-Rust Coating,MAT018,100
PRD-076,2025-11-12,Automotive Red Paint,MAT002,210
PRD-076,2025-11-12,Automotive Red Paint,MAT007,240
PRD-076,2025-11-12,Automotive Red Paint,MAT011,135
PRD-076,2025-11-12,Automotive Red Paint,MAT016,270
PRD-077,2025-11-12,Clear Varnish,MAT006,270
PRD-077,2025-11-12,Clear Varnish,MAT013,180
PRD-077,2025-11-12,Clear Varnish,MAT015,90
PRD-077,2025-11-12,Clear Varnish,MAT016,240
PRD-078,2025-11-12,Epoxy Floor Coating,MAT008,360
PRD-078,2025-11-12,Epoxy Floor Coating,MAT003,120
PRD-078,2025-11-12,Epoxy Floor Coating,MAT011,180
PRD-078,2025-11-12,Epoxy Floor Coating,MAT018,180
PRD-079,2025-11-12,Industrial Grey Primer,MAT003,120
PRD-079,2025-11-12,Industrial Grey Primer,MAT006,160
PRD-079,2025-11-12,Industrial Grey Primer,MAT011,100
PRD-079,2025-11-12,Industrial Grey Primer,MAT017,160
PRD-080,2025-11-12,Marine Blue Coating,MAT004,240
PRD-080,2025-11-12,Marine Blue Coating,MAT008,400
PRD-080,2025-11-12,Marine Blue Coating,MAT011,220
PRD-080,2025-11-12,Marine Blue Coating,MAT018,220
PRD-081,2025-11-12,Premium White Paint 1L,MAT001,400
PRD-081,2025-11-12,Premium White Paint 1L,MAT006,300
PRD-081,2025-11-12,Premium White Paint 1L,MAT013,200
PRD-081,2025-11-12,Premium White Paint 1L,MAT016,500
PRD-082,2025-11-12,Premium White Paint 4L,MAT001,600
PRD-082,2025-11-12,Premium White Paint 4L,MAT006,450
PRD-082,2025-11-12,Premium White Paint 4L,MAT013,300
PRD-082,2025-11-12,Premium White Paint 4L,MAT017,300
PRD-083,2025-11-12,Protective Roof Paint,MAT001,600
PRD-083,2025-11-12,Protective Roof Paint,MAT007,400
PRD-083,2025-11-12,Protective Roof Paint,MAT013,320
PRD-083,2025-11-12,Protective Roof Paint,MAT020,400
PRD-084,2025-12-05,Protective Roof Paint,MAT001,0
PRD-084,2025-12-05,Protective Roof Paint,MAT007,0
PRD-084,2025-12-05,Protective Roof Paint,MAT013,0
PRD-084,2025-12-05,Protective Roof Paint,MAT020,0
PRD-085,2025-04-13,Industrial Grey Primer,MAT002,250
PRD-085,2025-04-13,Industrial Grey Primer,MAT008,100
PRD-086,2025-12-10,Wood Stain Brown,MAT013,300
PRD-086,2025-12-10,Wood Stain Brown,MAT001,400
PRD-086,2025-12-10,Wood Stain Brown,MAT017,300
PRD-087,2025-02-20,Epoxy Floor Coating,MAT003,100
PRD-087,2025-02-20,Epoxy Floor Coating,MAT004,50
PRD-087,2025-02-20,Epoxy Floor Coating,MAT013,100
PRD-087,2025-02-20,Epoxy Floor Coating,MAT016,250
PRD-087,2025-02-20,Epoxy Floor Coating,MAT002,100
PRD-088,2025-12-06,Epoxy Floor Coating,MAT020,400
PRD-088,2025-12-06,Epoxy Floor Coating,MAT004,100
PRD-088,2025-12-06,Epoxy Floor Coating,MAT007,100
PRD-088,2025-12-06,Epoxy Floor Coating,MAT015,200
PRD-088,2025-12-06,Epoxy Floor Coating,MAT006,100
PRD-089,2025-07-21,Industrial Grey Primer,MAT011,200
PRD-089,2025-07-21,Industrial Grey Primer,MAT002,200
PRD-089,2025-07-21,Industrial Grey Primer,MAT016,200
PRD-090,2025-02-10,Anti-Rust Coating,MAT018,400
PRD-090,2025-02-10,Anti-Rust Coating,MAT008,100
PRD-091,2025-02-10,Epoxy Floor Coating,MAT012,250
PRD-091,2025-02-10,Epoxy Floor Coating,MAT016,400
PRD-092,2025-05-11,Anti-Rust Coating,MAT004,400
PRD-092,2025-05-11,Anti-Rust Coating,MAT007,400
PRD-093,2025-08-25,Industrial Grey Primer,MAT002,150
PRD-093,2025-08-25,Industrial Grey Primer,MAT012,500
PRD-094,2025-12-14,Premium White Paint 4L,MAT013,50
PRD-094,2025-12-14,Premium White Paint 4L,MAT003,150
PRD-094,2025-12-14,Premium White Paint 4L,MAT008,100
PRD-094,2025-12-14,Premium White Paint 4L,MAT006,200
PRD-095,2025-06-01,Wood Stain Brown,MAT006,500
PRD-095,2025-06-01,Wood Stain Brown,MAT007,50
PRD-095,2025-06-01,Wood Stain Brown,MAT020,150
PRD-095,2025-06-01,Wood Stain Brown,MAT017,50
PRD-095,2025-06-01,Wood Stain Brown,MAT011,100
PRD-096,2025-05-10,Wood Stain Brown,MAT017,400
PRD-096,2025-05-10,Wood Stain Brown,MAT012,300
PRD-096,2025-05-10,Wood Stain Brown,MAT003,500
PRD-096,2025-05-10,Wood Stain Brown,MAT015,250
PRD-097,2025-04-08,Wood Stain Brown,MAT007,400
PRD-097,2025-04-08,Wood Stain Brown,MAT001,150
PRD-097,2025-04-08,Wood Stain Brown,MAT008,200
PRD-098,2025-12-18,Epoxy Floor Coating,MAT004,300
PRD-098,2025-12-18,Epoxy Floor Coating,MAT007,100
PRD-098,2025-12-18,Epoxy Floor Coating,MAT003,150
PRD-098,2025-12-18,Epoxy Floor Coating,MAT017,400
PRD-098,2025-12-18,Epoxy Floor Coating,MAT016,200
PRD-099,2025-05-24,Protective Roof Paint,MAT013,500
PRD-099,2025-05-24,Protective Roof Paint,MAT017,150
PRD-099,2025-05-24,Protective Roof Paint,MAT001,200
PRD-099,2025-05-24,Protective Roof Paint,MAT006,500
PRD-099,2025-05-24,Protective Roof Paint,MAT016,300
PRD-100,2025-04-30,Anti-Rust Coating,MAT008,100
PRD-100,2025-04-30,Anti-Rust Coating,MAT015,500
PRD-100,2025-04-30,Anti-Rust Coating,MAT007,300
PRD-100,2025-04-30,Anti-Rust Coating,MAT006,100
PRD-100,2025-04-30,Anti-Rust Coating,MAT012,100
PRD-101,2025-11-06,Clear Varnish,MAT016,200
PRD-101,2025-11-06,Clear Varnish,MAT008,150
PRD-101,2025-11-06,Clear Varnish,MAT001,150
PRD-101,2025-11-06,Clear Varnish,MAT006,300
PRD-101,2025-11-06,Clear Varnish,MAT003,400
PRD-102,2025-01-22,Wood Stain Brown,MAT001,150
PRD-102,2025-01-22,Wood Stain Brown,MAT003,200
PRD-102,2025-01-22,Wood Stain Brown,MAT004,150
PRD-103,2025-07-11,Anti-Rust Coating,MAT017,50
PRD-103,2025-07-11,Anti-Rust Coating,MAT008,200
PRD-103,2025-07-11,Anti-Rust Coating,MAT018,400
PRD-103,2025-07-11,Anti-Rust Coating,MAT003,250
PRD-103,2025-07-11,Anti-Rust Coating,MAT006,250
PRD-104,2025-06-10,Clear Varnish,MAT002,100
PRD-104,2025-06-10,Clear Varnish,MAT007,100
PRD-104,2025-06-10,Clear Varnish,MAT018,50
PRD-104,2025-06-10,Clear Varnish,MAT017,500
PRD-104,2025-06-10,Clear Varnish,MAT006,50
PRD-105,2025-10-26,Wood Stain Brown,MAT016,250
PRD-105,2025-10-26,Wood Stain Brown,MAT004,200
PRD-105,2025-10-26,Wood Stain Brown,MAT013,50
PRD-105,2025-10-26,Wood Stain Brown,MAT017,500
PRD-105,2025-10-26,Wood Stain Brown,MAT015,500
PRD-106,2025-05-22,Clear Varnish,MAT013,300
PRD-106,2025-05-22,Clear Varnish,MAT015,50
PRD-106,2025-05-22,Clear Varnish,MAT018,200
PRD-106,2025-05-22,Clear Varnish,MAT017,100
PRD-107,2025-11-22,Wood Stain Brown,MAT015,400
PRD-107,2025-11-22,Wood Stain Brown,MAT012,500
PRD-107,2025-11-22,Wood Stain Brown,MAT011,200
PRD-107,2025-11-22,Wood Stain Brown,MAT008,500
PRD-108,2025-09-26,Automotive Red Paint,MAT018,50
PRD-108,2025-09-26,Automotive Red Paint,MAT004,200
PRD-108,2025-09-26,Automotive Red Paint,MAT020,250
PRD-108,2025-09-26,Automotive Red Paint,MAT016,50
PRD-108,2025-09-26,Automotive Red Paint,MAT015,100
PRD-109,2025-05-02,Anti-Rust Coating,MAT004,100
PRD-109,2025-05-02,Anti-Rust Coating,MAT020,500
PRD-109,2025-05-02,Anti-Rust Coating,MAT018,150
PRD-109,2025-05-02,Anti-Rust Coating,MAT011,250
PRD-110,2025-03-27,Premium White Paint 4L,MAT016,300
PRD-110,2025-03-27,Premium White Paint 4L,MAT013,250
PRD-111,2025-04-10,Automotive Red Paint,MAT016,500
PRD-111,2025-04-10,Automotive Red Paint,MAT006,200
PRD-111,2025-04-10,Automotive Red Paint,MAT004,100
PRD-111,2025-04-10,Automotive Red Paint,MAT017,150
PRD-111,2025-04-10,Automotive Red Paint,MAT008,200
PRD-112,2025-02-02,Anti-Rust Coating,MAT016,400
PRD-112,2025-02-02,Anti-Rust Coating,MAT006,300
PRD-113,2025-09-10,Clear Varnish,MAT017,150
PRD-113,2025-09-10,Clear Varnish,MAT016,250
PRD-113,2025-09-10,Clear Varnish,MAT007,500
PRD-114,2025-08-05,Marine Blue Coating,MAT016,500
PRD-114,2025-08-05,Marine Blue Coating,MAT004,400
PRD-115,2025-07-09,Marine Blue Coating,MAT003,250
PRD-115,2025-07-09,Marine Blue Coating,MAT008,150
PRD-115,2025-07-09,Marine Blue Coating,MAT013,150
PRD-115,2025-07-09,Marine Blue Coating,MAT007,50
PRD-115,2025-07-09,Marine Blue Coating,MAT018,200
PRD-116,2025-08-21,Clear Varnish,MAT008,200
PRD-116,2025-08-21,Clear Varnish,MAT013,250
PRD-116,2025-08-21,Clear Varnish,MAT001,400
PRD-116,2025-08-21,Clear Varnish,MAT016,500
PRD-116,2025-08-21,Clear Varnish,MAT002,50
PRD-117,2025-02-08,Marine Blue Coating,MAT013,300
PRD-117,2025-02-08,Marine Blue Coating,MAT017,400
PRD-117,2025-02-08,Marine Blue Coating,MAT016,300
PRD-118,2025-05-21,Premium White Paint 1L,MAT018,400
PRD-118,2025-05-21,Premium White Paint 1L,MAT006,50
PRD-118,2025-05-21,Premium White Paint 1L,MAT013,250
PRD-119,2025-05-12,Industrial Grey Primer,MAT018,300
PRD-119,2025-05-12,Industrial Grey Primer,MAT013,100
PRD-119,2025-05-12,Industrial Grey Primer,MAT008,200
PRD-120,2025-11-13,Premium White Paint 4L,MAT006,250
PRD-120,2025-11-13,Premium White Paint 4L,MAT001,500
PRD-120,2025-11-13,Premium White Paint 4L,MAT018,250
PRD-120,2025-11-13,Premium White Paint 4L,MAT008,250
PRD-121,2025-10-30,Marine Blue Coating,MAT012,300
PRD-121,2025-10-30,Marine Blue Coating,MAT006,400
PRD-121,2025-10-30,Marine Blue Coating,MAT020,400
PRD-121,2025-10-30,Marine Blue Coating,MAT013,50
PRD-121,2025-10-30,Marine Blue Coating,MAT008,250
PRD-122,2025-02-23,Wood Stain Brown,MAT002,100
PRD-122,2025-02-23,Wood Stain Brown,MAT011,200
PRD-122,2025-02-23,Wood Stain Brown,MAT001,100
PRD-122,2025-02-23,Wood Stain Brown,MAT020,200
PRD-123,2025-08-08,Marine Blue Coating,MAT011,250
PRD-123,2025-08-08,Marine Blue Coating,MAT012,300
PRD-124,2025-03-23,Clear Varnish,MAT018,150
PRD-124,2025-03-23,Clear Varnish,MAT001,250
PRD-124,2025-03-23,Clear Varnish,MAT011,100
PRD-124,2025-03-23,Clear Varnish,MAT004,400
PRD-124,2025-03-23,Clear Varnish,MAT017,50
PRD-125,2025-12-08,Anti-Rust Coating,MAT012,150
PRD-125,2025-12-08,Anti-Rust Coating,MAT001,250
PRD-126,2025-01-23,Marine Blue Coating,MAT013,50
PRD-126,2025-01-23,Marine Blue Coating,MAT018,500
PRD-127,2025-10-15,Automotive Red Paint,MAT001,200
PRD-127,2025-10-15,Automotive Red Paint,MAT007,250
PRD-127,2025-10-15,Automotive Red Paint,MAT002,300
PRD-127,2025-10-15,Automotive Red Paint,MAT018,300
PRD-127,2025-10-15,Automotive Red Paint,MAT017,150
PRD-128,2025-11-09,Anti-Rust Coating,MAT002,400
PRD-128,2025-11-09,Anti-Rust Coating,MAT003,150
PRD-128,2025-11-09,Anti-Rust Coating,MAT015,150
PRD-128,2025-11-09,Anti-Rust Coating,MAT004,400
PRD-128,2025-11-09,Anti-Rust Coating,MAT013,100
PRD-129,2025-11-04,Premium White Paint 4L,MAT017,50
PRD-129,2025-11-04,Premium White Paint 4L,MAT012,200
PRD-129,2025-11-04,Premium White Paint 4L,MAT015,200
PRD-130,2025-03-10,Automotive Red Paint,MAT001,500
PRD-130,2025-03-10,Automotive Red Paint,MAT016,150
PRD-130,2025-03-10,Automotive Red Paint,MAT002,150
PRD-131,2025-04-03,Automotive Red Paint,MAT018,100
PRD-131,2025-04-03,Automotive Red Paint,MAT012,50
PRD-132,2025-03-19,Protective Roof Paint,MAT006,50
PRD-132,2025-03-19,Protective Roof Paint,MAT018,150
PRD-133,2025-09-10,Industrial Grey Primer,MAT017,150
PRD-133,2025-09-10,Industrial Grey Primer,MAT002,400
PRD-133,2025-09-10,Industrial Grey Primer,MAT004,400
PRD-133,2025-09-10,Industrial Grey Primer,MAT018,300
PRD-134,2025-12-29,Automotive Red Paint,MAT018,250
PRD-134,2025-12-29,Automotive Red Paint,MAT012,200
PRD-134,2025-12-29,Automotive Red Paint,MAT004,50
PRD-135,2025-03-09,Protective Roof Paint,MAT017,300
PRD-135,2025-03-09,Protective Roof Paint,MAT007,200
PRD-135,2025-03-09,Protective Roof Paint,MAT006,100
PRD-135,2025-03-09,Protective Roof Paint,MAT003,500
PRD-136,2025-08-14,Premium White Paint 1L,MAT017,300
PRD-136,2025-08-14,Premium White Paint 1L,MAT013,300
PRD-136,2025-08-14,Premium White Paint 1L,MAT011,400
PRD-136,2025-08-14,Premium White Paint 1L,MAT008,500
PRD-137,2025-11-07,Premium White Paint 4L,MAT002,300
PRD-137,2025-11-07,Premium White Paint 4L,MAT003,50
PRD-137,2025-11-07,Premium White Paint 4L,MAT004,300
PRD-137,2025-11-07,Premium White Paint 4L,MAT015,500
PRD-138,2025-03-03,Premium White Paint 4L,MAT004,50
PRD-138,2025-03-03,Premium White Paint 4L,MAT012,200
PRD-138,2025-03-03,Premium White Paint 4L,MAT002,400
PRD-139,2025-01-01,Protective Roof Paint,MAT015,100
PRD-139,2025-01-01,Protective Roof Paint,MAT004,250
PRD-139,2025-01-01,Protective Roof Paint,MAT013,500
PRD-140,2025-05-10,Industrial Grey Primer,MAT018,200
PRD-140,2025-05-10,Industrial Grey Primer,MAT003,100
PRD-141,2025-11-30,Marine Blue Coating,MAT012,250
PRD-141,2025-11-30,Marine Blue Coating,MAT001,300
PRD-141,2025-11-30,Marine Blue Coating,MAT003,200
PRD-141,2025-11-30,Marine Blue Coating,MAT006,300
PRD-141,2025-11-30,Marine Blue Coating,MAT007,150
PRD-142,2025-08-01,Marine Blue Coating,MAT007,400
PRD-142,2025-08-01,Marine Blue Coating,MAT004,400
PRD-143,2025-05-23,Anti-Rust Coating,MAT001,100
PRD-143,2025-05-23,Anti-Rust Coating,MAT004,500
PRD-144,2025-01-15,Anti-Rust Coating,MAT020,100
PRD-144,2025-01-15,Anti-Rust Coating,MAT012,250
PRD-144,2025-01-15,Anti-Rust Coating,MAT004,150
PRD-144,2025-01-15,Anti-Rust Coating,MAT008,100
PRD-144,2025-01-15,Anti-Rust Coating,MAT003,50
PRD-145,2025-04-28,Wood Stain Brown,MAT011,400
PRD-145,2025-04-28,Wood Stain Brown,MAT006,150
PRD-146,2025-08-31,Industrial Grey Primer,MAT004,500
PRD-146,2025-08-31,Industrial Grey Primer,MAT002,300
PRD-146,2025-08-31,Industrial Grey Primer,MAT006,100
PRD-146,2025-08-31,Industrial Grey Primer,MAT012,50
PRD-146,2025-08-31,Industrial Grey Primer,MAT011,50
PRD-147,2025-04-21,Premium White Paint 1L,MAT015,50
PRD-147,2025-04-21,Premium White Paint 1L,MAT016,300
PRD-147,2025-04-21,Premium White Paint 1L,MAT011,150
PRD-147,2025-04-21,Premium White Paint 1L,MAT020,250
PRD-147,2025-04-21,Premium White Paint 1L,MAT002,300
PRD-148,2025-10-23,Premium White Paint 4L,MAT015,150
PRD-148,2025-10-23,Premium White Paint 4L,MAT020,500
PRD-148,2025-10-23,Premium White Paint 4L,MAT008,400
PRD-149,2025-05-29,Premium White Paint 4L,MAT017,100
PRD-149,2025-05-29,Premium White Paint 4L,MAT016,400
PRD-150,2025-07-29,Automotive Red Paint,MAT008,250
PRD-150,2025-07-29,Automotive Red Paint,MAT003,400
PRD-150,2025-07-29,Automotive Red Paint,MAT006,150
PRD-150,2025-07-29,Automotive Red Paint,MAT015,300
PRD-151,2025-06-03,Automotive Red Paint,MAT008,50
PRD-151,2025-06-03,Automotive Red Paint,MAT011,500
PRD-152,2025-05-21,Epoxy Floor Coating,MAT020,50
PRD-152,2025-05-21,Epoxy Floor Coating,MAT006,100
PRD-152,2025-05-21,Epoxy Floor Coating,MAT018,300
PRD-152,2025-05-21,Epoxy Floor Coating,MAT007,300
PRD-153,2025-11-15,Industrial Grey Primer,MAT007,500
PRD-153,2025-11-15,Industrial Grey Primer,MAT004,100
PRD-154,2025-12-15,Premium White Paint 1L,MAT018,400
PRD-154,2025-12-15,Premium White Paint 1L,MAT008,500
PRD-155,2025-10-18,Premium White Paint 1L,MAT020,250
PRD-155,2025-10-18,Premium White Paint 1L,MAT012,150
PRD-155,2025-10-18,Premium White Paint 1L,MAT002,500
PRD-156,2025-02-05,Automotive Red Paint,MAT015,500
PRD-156,2025-02-05,Automotive Red Paint,MAT004,300
PRD-156,2025-02-05,Automotive Red Paint,MAT001,50
PRD-157,2025-08-14,Marine Blue Coating,MAT001,50
PRD-157,2025-08-14,Marine Blue Coating,MAT007,500
PRD-157,2025-08-14,Marine Blue Coating,MAT006,100
PRD-157,2025-08-14,Marine Blue Coating,MAT015,250
PRD-157,2025-08-14,Marine Blue Coating,MAT008,50
PRD-158,2025-12-25,Premium White Paint 4L,MAT015,200
PRD-158,2025-12-25,Premium White Paint 4L,MAT013,50
PRD-158,2025-12-25,Premium White Paint 4L,MAT002,300
PRD-159,2025-02-03,Anti-Rust Coating,MAT020,250
PRD-159,2025-02-03,Anti-Rust Coating,MAT013,50
PRD-160,2025-11-05,Epoxy Floor Coating,MAT006,250
PRD-160,2025-11-05,Epoxy Floor Coating,MAT017,250
PRD-160,2025-11-05,Epoxy Floor Coating,MAT015,150
PRD-161,2025-10-23,Industrial Grey Primer,MAT004,200
PRD-161,2025-10-23,Industrial Grey Primer,MAT003,400
PRD-162,2025-05-28,Clear Varnish,MAT006,50
PRD-162,2025-05-28,Clear Varnish,MAT011,250
PRD-162,2025-05-28,Clear Varnish,MAT020,150
PRD-162,2025-05-28,Clear Varnish,MAT016,500
PRD-163,2025-02-11,Premium White Paint 4L,MAT015,250
PRD-163,2025-02-11,Premium White Paint 4L,MAT002,50
PRD-163,2025-02-11,Premium White Paint 4L,MAT003,100
PRD-163,2025-02-11,Premium White Paint 4L,MAT006,50
PRD-164,2025-11-07,Anti-Rust Coating,MAT020,400
PRD-164,2025-11-07,Anti-Rust Coating,MAT018,150
PRD-164,2025-11-07,Anti-Rust Coating,MAT017,100
PRD-164,2025-11-07,Anti-Rust Coating,MAT008,50
PRD-165,2025-12-31,Protective Roof Paint,MAT013,500
PRD-165,2025-12-31,Protective Roof Paint,MAT018,500
PRD-165,2025-12-31,Protective Roof Paint,MAT012,100
PRD-165,2025-12-31,Protective Roof Paint,MAT011,150
PRD-166,2025-08-03,Automotive Red Paint,MAT015,150
PRD-166,2025-08-03,Automotive Red Paint,MAT017,250
PRD-166,2025-08-03,Automotive Red Paint,MAT013,150
PRD-166,2025-08-03,Automotive Red Paint,MAT007,500
PRD-167,2025-07-02,Epoxy Floor Coating,MAT011,150
PRD-167,2025-07-02,Epoxy Floor Coating,MAT001,100
PRD-167,2025-07-02,Epoxy Floor Coating,MAT020,100
PRD-167,2025-07-02,Epoxy Floor Coating,MAT017,300
PRD-167,2025-07-02,Epoxy Floor Coating,MAT004,150
PRD-168,2025-09-04,Automotive Red Paint,MAT012,400
PRD-168,2025-09-04,Automotive Red Paint,MAT020,200
PRD-168,2025-09-04,Automotive Red Paint,MAT016,250
PRD-168,2025-09-04,Automotive Red Paint,MAT003,50
PRD-168,2025-09-04,Automotive Red Paint,MAT008,300
PRD-169,2025-06-26,Clear Varnish,MAT017,500
PRD-169,2025-06-26,Clear Varnish,MAT004,200
PRD-170,2025-05-20,Protective Roof Paint,MAT018,200
PRD-170,2025-05-20,Protective Roof Paint,MAT015,200
PRD-171,2025-02-28,Premium White Paint 1L,MAT018,250
PRD-171,2025-02-28,Premium White Paint 1L,MAT001,300
PRD-171,2025-02-28,Premium White Paint 1L,MAT020,400
PRD-171,2025-02-28,Premium White Paint 1L,MAT004,400
PRD-171,2025-02-28,Premium White Paint 1L,MAT013,50
PRD-172,2025-01-09,Clear Varnish,MAT006,250
PRD-172,2025-01-09,Clear Varnish,MAT013,500
PRD-172,2025-01-09,Clear Varnish,MAT007,250
PRD-172,2025-01-09,Clear Varnish,MAT018,400
PRD-172,2025-01-09,Clear Varnish,MAT004,50
PRD-173,2025-11-25,Industrial Grey Primer,MAT020,500
PRD-173,2025-11-25,Industrial Grey Primer,MAT012,50
PRD-173,2025-11-25,Industrial Grey Primer,MAT006,250
PRD-174,2025-08-14,Premium White Paint 1L,MAT015,50
PRD-174,2025-08-14,Premium White Paint 1L,MAT011,100
PRD-174,2025-08-14,Premium White Paint 1L,MAT002,500
PRD-174,2025-08-14,Premium White Paint 1L,MAT012,250
PRD-174,2025-08-14,Premium White Paint 1L,MAT006,500
PRD-175,2025-11-14,Clear Varnish,MAT007,50
PRD-175,2025-11-14,Clear Varnish,MAT004,250
PRD-175,2025-11-14,Clear Varnish,MAT015,150
PRD-176,2025-02-14,Premium White Paint 4L,MAT020,300
PRD-176,2025-02-14,Premium White Paint 4L,MAT002,400
PRD-177,2025-03-23,Industrial Grey Primer,MAT016,500
PRD-177,2025-03-23,Industrial Grey Primer,MAT011,300
PRD-177,2025-03-23,Industrial Grey Primer,MAT017,150
PRD-178,2025-03-15,Premium White Paint 4L,MAT012,300
PRD-178,2025-03-15,Premium White Paint 4L,MAT017,50
PRD-178,2025-03-15,Premium White Paint 4L,MAT002,100
PRD-178,2025-03-15,Premium White Paint 4L,MAT011,300
PRD-178,2025-03-15,Premium White Paint 4L,MAT006,50
PRD-179,2025-01-22,Protective Roof Paint,MAT016,400
PRD-179,2025-01-22,Protective Roof Paint,MAT006,500
PRD-179,2025-01-22,Protective Roof Paint,MAT012,150
PRD-179,2025-01-22,Protective Roof Paint,MAT002,150
PRD-179,2025-01-22,Protective Roof Paint,MAT003,100
PRD-180,2025-01-26,Automotive Red Paint,MAT001,300
PRD-180,2025-01-26,Automotive Red Paint,MAT004,200
PRD-180,2025-01-26,Automotive Red Paint,MAT020,300
PRD-181,2025-01-27,Clear Varnish,MAT008,100
PRD-181,2025-01-27,Clear Varnish,MAT012,200
PRD-182,2025-01-15,Automotive Red Paint,MAT003,400
PRD-182,2025-01-15,Automotive Red Paint,MAT016,150
PRD-183,2025-12-15,Marine Blue Coating,MAT007,50
PRD-183,2025-12-15,Marine Blue Coating,MAT012,200
PRD-183,2025-12-15,Marine Blue Coating,MAT008,400
PRD-183,2025-12-15,Marine Blue Coating,MAT017,300
PRD-183,2025-12-15,Marine Blue Coating,MAT013,300
PRD-184,2025-04-27,Automotive Red Paint,MAT006,200
PRD-184,2025-04-27,Automotive Red Paint,MAT003,300
PRD-184,2025-04-27,Automotive Red Paint,MAT018,50
PRD-184,2025-04-27,Automotive Red Paint,MAT004,500
PRD-184,2025-04-27,Automotive Red Paint,MAT011,150
PRD-185,2025-08-02,Clear Varnish,MAT011,50
PRD-185,2025-08-02,Clear Varnish,MAT007,50
PRD-185,2025-08-02,Clear Varnish,MAT003,250
PRD-185,2025-08-02,Clear Varnish,MAT013,300
PRD-185,2025-08-02,Clear Varnish,MAT012,50
PRD-186,2025-03-18,Industrial Grey Primer,MAT004,150
PRD-186,2025-03-18,Industrial Grey Primer,MAT007,150
PRD-186,2025-03-18,Industrial Grey Primer,MAT011,300
PRD-187,2025-01-09,Wood Stain Brown,MAT001,200
PRD-187,2025-01-09,Wood Stain Brown,MAT002,500
PRD-188,2025-11-10,Wood Stain Brown,MAT017,100
PRD-188,2025-11-10,Wood Stain Brown,MAT001,150
PRD-188,2025-11-10,Wood Stain Brown,MAT012,400
PRD-189,2025-08-26,Industrial Grey Primer,MAT017,150
PRD-189,2025-08-26,Industrial Grey Primer,MAT020,200
PRD-190,2025-07-21,Clear Varnish,MAT001,200
PRD-190,2025-07-21,Clear Varnish,MAT011,500
PRD-190,2025-07-21,Clear Varnish,MAT013,100
PRD-190,2025-07-21,Clear Varnish,MAT003,50
PRD-191,2025-04-06,Premium White Paint 4L,MAT002,250
PRD-191,2025-04-06,Premium White Paint 4L,MAT015,200
PRD-191,2025-04-06,Premium White Paint 4L,MAT013,150
PRD-191,2025-04-06,Premium White Paint 4L,MAT001,250
PRD-191,2025-04-06,Premium White Paint 4L,MAT011,100
PRD-192,2025-02-09,Marine Blue Coating,MAT017,200
PRD-192,2025-02-09,Marine Blue Coating,MAT001,250
PRD-192,2025-02-09,Marine Blue Coating,MAT015,400
PRD-192,2025-02-09,Marine Blue Coating,MAT020,300
PRD-193,2025-08-19,Premium White Paint 4L,MAT001,500
PRD-193,2025-08-19,Premium White Paint 4L,MAT013,200
PRD-193,2025-08-19,Premium White Paint 4L,MAT012,500
PRD-193,2025-08-19,Premium White Paint 4L,MAT004,200
PRD-193,2025-08-19,Premium White Paint 4L,MAT007,250
PRD-194,2025-10-30,Protective Roof Paint,MAT020,200
PRD-194,2025-10-30,Protective Roof Paint,MAT006,50
PRD-194,2025-10-30,Protective Roof Paint,MAT008,150
PRD-194,2025-10-30,Protective Roof Paint,MAT017,250
PRD-195,2025-06-24,Marine Blue Coating,MAT015,100
PRD-195,2025-06-24,Marine Blue Coating,MAT006,250
PRD-195,2025-06-24,Marine Blue Coating,MAT020,50
PRD-195,2025-06-24,Marine Blue Coating,MAT011,400
PRD-195,2025-06-24,Marine Blue Coating,MAT012,150
PRD-196,2025-07-17,Marine Blue Coating,MAT013,100
PRD-196,2025-07-17,Marine Blue Coating,MAT004,250
PRD-197,2025-07-04,Epoxy Floor Coating,MAT002,200
PRD-197,2025-07-04,Epoxy Floor Coating,MAT011,400
PRD-197,2025-07-04,Epoxy Floor Coating,MAT012,500
PRD-197,2025-07-04,Epoxy Floor Coating,MAT015,100
PRD-198,2025-12-07,Anti-Rust Coating,MAT015,100
PRD-198,2025-12-07,Anti-Rust Coating,MAT004,50
PRD-198,2025-12-07,Anti-Rust Coating,MAT018,100
PRD-198,2025-12-07,Anti-Rust Coating,MAT017,500
PRD-199,2025-10-30,Premium White Paint 1L,MAT008,100
PRD-199,2025-10-30,Premium White Paint 1L,MAT012,300
PRD-200,2025-08-08,Automotive Red Paint,MAT013,300
PRD-200,2025-08-08,Automotive Red Paint,MAT020,300
PRD-200,2025-08-08,Automotive Red Paint,MAT008,200
PRD-201,2025-04-12,Clear Varnish,MAT001,200
PRD-201,2025-04-12,Clear Varnish,MAT018,100
PRD-201,2025-04-12,Clear Varnish,MAT003,400
PRD-202,2025-05-23,Marine Blue Coating,MAT003,100
PRD-202,2025-05-23,Marine Blue Coating,MAT013,100
PRD-202,2025-05-23,Marine Blue Coating,MAT006,300
PRD-202,2025-05-23,Marine Blue Coating,MAT007,50
PRD-203,2025-01-03,Marine Blue Coating,MAT012,500
PRD-203,2025-01-03,Marine Blue Coating,MAT002,400
PRD-203,2025-01-03,Marine Blue Coating,MAT020,300
PRD-204,2025-10-29,Automotive Red Paint,MAT008,200
PRD-204,2025-10-29,Automotive Red Paint,MAT016,250
PRD-204,2025-10-29,Automotive Red Paint,MAT015,250
PRD-204,2025-10-29,Automotive Red Paint,MAT011,300
PRD-204,2025-10-29,Automotive Red Paint,MAT013,150
PRD-205,2025-10-17,Industrial Grey Primer,MAT012,300
PRD-205,2025-10-17,Industrial Grey Primer,MAT015,150
PRD-205,2025-10-17,Industrial Grey Primer,MAT003,400
PRD-205,2025-10-17,Industrial Grey Primer,MAT020,400
PRD-205,2025-10-17,Industrial Grey Primer,MAT002,200
PRD-206,2025-03-15,Epoxy Floor Coating,MAT011,400
PRD-206,2025-03-15,Epoxy Floor Coating,MAT008,150
PRD-207,2025-05-21,Epoxy Floor Coating,MAT018,500
PRD-207,2025-05-21,Epoxy Floor Coating,MAT011,500
PRD-207,2025-05-21,Epoxy Floor Coating,MAT012,50
PRD-208,2025-06-03,Marine Blue Coating,MAT016,250
PRD-208,2025-06-03,Marine Blue Coating,MAT007,400
PRD-208,2025-06-03,Marine Blue Coating,MAT017,50
PRD-208,2025-06-03,Marine Blue Coating,MAT002,150
PRD-208,2025-06-03,Marine Blue Coating,MAT001,200
PRD-209,2025-08-14,Anti-Rust Coating,MAT017,500
PRD-209,2025-08-14,Anti-Rust Coating,MAT018,150
PRD-209,2025-08-14,Anti-Rust Coating,MAT013,400
PRD-209,2025-08-14,Anti-Rust Coating,MAT008,250
PRD-210,2025-05-26,Clear Varnish,MAT017,500
PRD-210,2025-05-26,Clear Varnish,MAT003,400
PRD-210,2025-05-26,Clear Varnish,MAT007,250
PRD-211,2025-02-05,Premium White Paint 1L,MAT004,250
PRD-211,2025-02-05,Premium White Paint 1L,MAT012,200
PRD-212,2025-01-27,Marine Blue Coating,MAT015,150
PRD-212,2025-01-27,Marine Blue Coating,MAT002,100
PRD-212,2025-01-27,Marine Blue Coating,MAT007,400
PRD-212,2025-01-27,Marine Blue Coating,MAT006,300
PRD-212,2025-01-27,Marine Blue Coating,MAT018,200
PRD-213,2025-09-21,Wood Stain Brown,MAT016,300
PRD-213,2025-09-21,Wood Stain Brown,MAT008,250
PRD-213,2025-09-21,Wood Stain Brown,MAT011,400
PRD-213,2025-09-21,Wood Stain Brown,MAT012,200
PRD-213,2025-09-21,Wood Stain Brown,MAT013,150
PRD-214,2025-04-14,Wood Stain Brown,MAT017,50
PRD-214,2025-04-14,Wood Stain Brown,MAT003,250
PRD-215,2025-09-29,Wood Stain Brown,MAT016,150
PRD-215,2025-09-29,Wood Stain Brown,MAT017,150
PRD-215,2025-09-29,Wood Stain Brown,MAT001,200
PRD-215,2025-09-29,Wood Stain Brown,MAT013,300
PRD-215,2025-09-29,Wood Stain Brown,MAT011,400
PRD-216,2025-06-03,Industrial Grey Primer,MAT015,250
PRD-216,2025-06-03,Industrial Grey Primer,MAT012,150
PRD-216,2025-06-03,Industrial Grey Primer,MAT003,300
PRD-217,2025-08-04,Protective Roof Paint,MAT002,200
PRD-217,2025-08-04,Protective Roof Paint,MAT017,100
PRD-217,2025-08-04,Protective Roof Paint,MAT003,500
PRD-218,2025-09-23,Premium White Paint 4L,MAT013,50
PRD-218,2025-09-23,Premium White Paint 4L,MAT008,250
PRD-218,2025-09-23,Premium White Paint 4L,MAT003,250
PRD-219,2025-01-25,Industrial Grey Primer,MAT013,100
PRD-219,2025-01-25,Industrial Grey Primer,MAT015,50
PRD-220,2025-05-10,Automotive Red Paint,MAT016,200
PRD-220,2025-05-10,Automotive Red Paint,MAT008,400
PRD-221,2025-02-09,Anti-Rust Coating,MAT002,250
PRD-221,2025-02-09,Anti-Rust Coating,MAT003,150
PRD-222,2025-01-07,Wood Stain Brown,MAT002,500
PRD-222,2025-01-07,Wood Stain Brown,MAT018,400
PRD-222,2025-01-07,Wood Stain Brown,MAT003,250
PRD-223,2025-03-06,Marine Blue Coating,MAT017,200
PRD-223,2025-03-06,Marine Blue Coating,MAT016,500
PRD-223,2025-03-06,Marine Blue Coating,MAT003,400
PRD-224,2025-04-27,Protective Roof Paint,MAT015,100
PRD-224,2025-04-27,Protective Roof Paint,MAT003,250
PRD-224,2025-04-27,Protective Roof Paint,MAT016,50
PRD-225,2025-04-15,Anti-Rust Coating,MAT017,500
PRD-225,2025-04-15,Anti-Rust Coating,MAT013,150
PRD-225,2025-04-15,Anti-Rust Coating,MAT016,300
PRD-225,2025-04-15,Anti-Rust Coating,MAT011,500
PRD-225,2025-04-15,Anti-Rust Coating,MAT006,50
PRD-226,2025-03-20,Anti-Rust Coating,MAT008,500
PRD-226,2025-03-20,Anti-Rust Coating,MAT015,150
PRD-226,2025-03-20,Anti-Rust Coating,MAT018,500
PRD-226,2025-03-20,Anti-Rust Coating,MAT016,50
PRD-226,2025-03-20,Anti-Rust Coating,MAT004,250
PRD-227,2025-05-28,Marine Blue Coating,MAT015,300
PRD-227,2025-05-28,Marine Blue Coating,MAT007,300
PRD-227,2025-05-28,Marine Blue Coating,MAT002,500
PRD-227,2025-05-28,Marine Blue Coating,MAT008,500
PRD-227,2025-05-28,Marine Blue Coating,MAT016,500
PRD-228,2025-05-18,Wood Stain Brown,MAT007,300
PRD-228,2025-05-18,Wood Stain Brown,MAT016,50
PRD-228,2025-05-18,Wood Stain Brown,MAT020,50
PRD-228,2025-05-18,Wood Stain Brown,MAT018,50
PRD-229,2025-04-29,Automotive Red Paint,MAT015,50
PRD-229,2025-04-29,Automotive Red Paint,MAT002,500
PRD-229,2025-04-29,Automotive Red Paint,MAT006,100
PRD-230,2025-07-02,Premium White Paint 4L,MAT002,50
PRD-230,2025-07-02,Premium White Paint 4L,MAT012,500
PRD-231,2025-05-02,Epoxy Floor Coating,MAT020,150
PRD-231,2025-05-02,Epoxy Floor Coating,MAT003,50
PRD-231,2025-05-02,Epoxy Floor Coating,MAT001,300
PRD-231,2025-05-02,Epoxy Floor Coating,MAT006,200
PRD-232,2025-10-12,Automotive Red Paint,MAT004,500
PRD-232,2025-10-12,Automotive Red Paint,MAT016,150
PRD-232,2025-10-12,Automotive Red Paint,MAT015,400
PRD-233,2025-04-28,Clear Varnish,MAT020,200
PRD-233,2025-04-28,Clear Varnish,MAT003,500
PRD-233,2025-04-28,Clear Varnish,MAT011,150
PRD-233,2025-04-28,Clear Varnish,MAT016,500
PRD-234,2025-11-16,Protective Roof Paint,MAT016,100
PRD-234,2025-11-16,Protective Roof Paint,MAT011,100
PRD-234,2025-11-16,Protective Roof Paint,MAT012,300
PRD-235,2025-01-12,Anti-Rust Coating,MAT003,400
PRD-235,2025-01-12,Anti-Rust Coating,MAT004,250
PRD-235,2025-01-12,Anti-Rust Coating,MAT012,200
PRD-236,2025-01-20,Protective Roof Paint,MAT002,200
PRD-236,2025-01-20,Protective Roof Paint,MAT001,50
PRD-236,2025-01-20,Protective Roof Paint,MAT018,250
PRD-236,2025-01-20,Protective Roof Paint,MAT015,200
PRD-236,2025-01-20,Protective Roof Paint,MAT008,50
PRD-237,2025-04-29,Epoxy Floor Coating,MAT020,400
PRD-237,2025-04-29,Epoxy Floor Coating,MAT002,200
PRD-237,2025-04-29,Epoxy Floor Coating,MAT015,200
PRD-237,2025-04-29,Epoxy Floor Coating,MAT017,150
PRD-237,2025-04-29,Epoxy Floor Coating,MAT008,50
PRD-238,2025-11-15,Clear Varnish,MAT017,400
PRD-238,2025-11-15,Clear Varnish,MAT002,50
PRD-238,2025-11-15,Clear Varnish,MAT006,100
PRD-239,2025-11-15,Industrial Grey Primer,MAT008,400
PRD-239,2025-11-15,Industrial Grey Primer,MAT013,300
PRD-240,2025-02-16,Epoxy Floor Coating,MAT004,250
PRD-240,2025-02-16,Epoxy Floor Coating,MAT006,150
PRD-241,2025-09-02,Clear Varnish,MAT013,200
PRD-241,2025-09-02,Clear Varnish,MAT004,300
PRD-241,2025-09-02,Clear Varnish,MAT016,400
PRD-242,2025-10-22,Automotive Red Paint,MAT007,500
PRD-242,2025-10-22,Automotive Red Paint,MAT008,50
PRD-242,2025-10-22,Automotive Red Paint,MAT011,200
PRD-242,2025-10-22,Automotive Red Paint,MAT020,250
PRD-243,2025-12-30,Protective Roof Paint,MAT018,200
PRD-243,2025-12-30,Protective Roof Paint,MAT001,500
PRD-243,2025-12-30,Protective Roof Paint,MAT015,150
PRD-244,2025-03-25,Automotive Red Paint,MAT003,400
PRD-244,2025-03-25,Automotive Red Paint,MAT013,250
PRD-244,2025-03-25,Automotive Red Paint,MAT012,100
PRD-245,2025-06-03,Premium White Paint 1L,MAT016,150
PRD-245,2025-06-03,Premium White Paint 1L,MAT013,50
PRD-245,2025-06-03,Premium White Paint 1L,MAT002,250
PRD-245,2025-06-03,Premium White Paint 1L,MAT018,500
PRD-245,2025-06-03,Premium White Paint 1L,MAT020,200
PRD-246,2025-06-10,Automotive Red Paint,MAT011,50
PRD-246,2025-06-10,Automotive Red Paint,MAT013,400
PRD-247,2025-03-27,Anti-Rust Coating,MAT013,500
PRD-247,2025-03-27,Anti-Rust Coating,MAT011,500
PRD-248,2025-05-05,Epoxy Floor Coating,MAT006,200
PRD-248,2025-05-05,Epoxy Floor Coating,MAT020,300
PRD-248,2025-05-05,Epoxy Floor Coating,MAT008,200
PRD-249,2025-08-02,Premium White Paint 1L,MAT006,500
PRD-249,2025-08-02,Premium White Paint 1L,MAT020,300
PRD-249,2025-08-02,Premium White Paint 1L,MAT001,150
PRD-249,2025-08-02,Premium White Paint 1L,MAT011,500
PRD-249,2025-08-02,Premium White Paint 1L,MAT002,200
PRD-250,2025-04-07,Protective Roof Paint,MAT002,500
PRD-250,2025-04-07,Protective Roof Paint,MAT004,200
PRD-250,2025-04-07,Protective Roof Paint,MAT003,200
PRD-250,2025-04-07,Protective Roof Paint,MAT001,50
PRD-250,2025-04-07,Protective Roof Paint,MAT017,200
PRD-251,2025-03-26,Premium White Paint 1L,MAT002,150
PRD-251,2025-03-26,Premium White Paint 1L,MAT006,500
PRD-251,2025-03-26,Premium White Paint 1L,MAT012,300
PRD-251,2025-03-26,Premium White Paint 1L,MAT020,50
PRD-252,2025-08-08,Anti-Rust Coating,MAT012,400
PRD-252,2025-08-08,Anti-Rust Coating,MAT008,500
PRD-252,2025-08-08,Anti-Rust Coating,MAT006,50
PRD-252,2025-08-08,Anti-Rust Coating,MAT003,400
PRD-253,2025-04-19,Epoxy Floor Coating,MAT017,50
PRD-253,2025-04-19,Epoxy Floor Coating,MAT004,200
PRD-254,2025-06-03,Marine Blue Coating,MAT007,400
PRD-254,2025-06-03,Marine Blue Coating,MAT001,200
PRD-254,2025-06-03,Marine Blue Coating,MAT006,200
PRD-254,2025-06-03,Marine Blue Coating,MAT002,50
PRD-255,2025-08-01,Premium White Paint 1L,MAT018,150
PRD-255,2025-08-01,Premium White Paint 1L,MAT006,400
PRD-255,2025-08-01,Premium White Paint 1L,MAT015,100
PRD-256,2025-11-10,Premium White Paint 4L,MAT006,300
PRD-256,2025-11-10,Premium White Paint 4L,MAT015,50
PRD-256,2025-11-10,Premium White Paint 4L,MAT013,200
PRD-256,2025-11-10,Premium White Paint 4L,MAT003,200
PRD-257,2025-01-01,Premium White Paint 1L,MAT020,200
PRD-257,2025-01-01,Premium White Paint 1L,MAT013,50
PRD-257,2025-01-01,Premium White Paint 1L,MAT012,400
PRD-257,2025-01-01,Premium White Paint 1L,MAT008,50
PRD-258,2025-12-21,Automotive Red Paint,MAT011,150
PRD-258,2025-12-21,Automotive Red Paint,MAT007,300
PRD-258,2025-12-21,Automotive Red Paint,MAT003,400
PRD-258,2025-12-21,Automotive Red Paint,MAT020,300
PRD-259,2025-03-25,Anti-Rust Coating,MAT018,200
PRD-259,2025-03-25,Anti-Rust Coating,MAT002,200
PRD-260,2025-06-22,Epoxy Floor Coating,MAT003,50
PRD-260,2025-06-22,Epoxy Floor Coating,MAT008,500
PRD-260,2025-06-22,Epoxy Floor Coating,MAT013,50
PRD-261,2025-11-04,Premium White Paint 4L,MAT013,300
PRD-261,2025-11-04,Premium White Paint 4L,MAT001,50
PRD-261,2025-11-04,Premium White Paint 4L,MAT016,500
PRD-262,2025-05-07,Epoxy Floor Coating,MAT016,50
PRD-262,2025-05-07,Epoxy Floor Coating,MAT003,250
PRD-262,2025-05-07,Epoxy Floor Coating,MAT017,250
PRD-262,2025-05-07,Epoxy Floor Coating,MAT020,50
PRD-262,2025-05-07,Epoxy Floor Coating,MAT018,250
PRD-263,2025-11-20,Clear Varnish,MAT007,500
PRD-263,2025-11-20,Clear Varnish,MAT003,250
PRD-264,2025-11-03,Wood Stain Brown,MAT002,100
PRD-264,2025-11-03,Wood Stain Brown,MAT013,150
PRD-264,2025-11-03,Wood Stain Brown,MAT003,400
PRD-264,2025-11-03,Wood Stain Brown,MAT008,50
PRD-264,2025-11-03,Wood Stain Brown,MAT001,50
PRD-265,2025-03-13,Epoxy Floor Coating,MAT003,50
PRD-265,2025-03-13,Epoxy Floor Coating,MAT012,150
PRD-265,2025-03-13,Epoxy Floor Coating,MAT006,500
PRD-266,2025-05-22,Clear Varnish,MAT006,250
PRD-266,2025-05-22,Clear Varnish,MAT007,250
PRD-266,2025-05-22,Clear Varnish,MAT008,50
PRD-266,2025-05-22,Clear Varnish,MAT015,500
PRD-266,2025-05-22,Clear Varnish,MAT020,300
PRD-267,2025-04-16,Wood Stain Brown,MAT008,400
PRD-267,2025-04-16,Wood Stain Brown,MAT003,250
PRD-267,2025-04-16,Wood Stain Brown,MAT018,500
PRD-268,2025-09-24,Clear Varnish,MAT003,50
PRD-268,2025-09-24,Clear Varnish,MAT008,250
PRD-268,2025-09-24,Clear Varnish,MAT004,100
PRD-268,2025-09-24,Clear Varnish,MAT018,400
PRD-269,2025-09-07,Marine Blue Coating,MAT016,150
PRD-269,2025-09-07,Marine Blue Coating,MAT007,400
PRD-269,2025-09-07,Marine Blue Coating,MAT004,200
PRD-269,2025-09-07,Marine Blue Coating,MAT011,500
PRD-269,2025-09-07,Marine Blue Coating,MAT001,200
PRD-270,2025-04-23,Anti-Rust Coating,MAT004,300
PRD-270,2025-04-23,Anti-Rust Coating,MAT002,50
PRD-270,2025-04-23,Anti-Rust Coating,MAT018,50
PRD-270,2025-04-23,Anti-Rust Coating,MAT016,400
PRD-270,2025-04-23,Anti-Rust Coating,MAT020,200
PRD-271,2025-09-16,Industrial Grey Primer,MAT015,400
PRD-271,2025-09-16,Industrial Grey Primer,MAT006,250
PRD-271,2025-09-16,Industrial Grey Primer,MAT001,400
PRD-272,2025-12-23,Marine Blue Coating,MAT004,50
PRD-272,2025-12-23,Marine Blue Coating,MAT017,250
PRD-272,2025-12-23,Marine Blue Coating,MAT020,300
